{
  "logreg": {
    "accuracy": 0.9475308641975309,
    "f1_macro": 0.9343538612551481,
    "extreme_recall": 0.9577464788732394,
    "false_alarms": 5,
    "total_errors": 17
  },
  "hgb": {
    "accuracy": 0.9135802469135802,
    "f1_macro": 0.8957431733403276,
    "extreme_recall": 0.8028169014084507
  }
}