city,avg_expected_risk,max_extreme_prob,extreme_months
Multan,1.4366769357188336,0.8897326861136966,2
Karachi,1.4230375553076868,0.8820814841569222,2
Lahore,1.403297447833513,0.889470320436141,2
Rawalpindi,1.2638482460734914,0.8876804957216637,2
Islamabad,1.2605905902923003,0.885223211284943,2
Peshawar,1.2191134164158648,0.8892726550925275,2
Quetta,0.8283695844447516,0.8498116348755058,1
