city,avg_expected_risk,max_extreme_prob,extreme_months
Karachi,1.6601965359429134,0.9893954344992415,2
Lahore,1.6444851747742317,0.9967842707784603,2
Multan,1.6437760795203997,0.9970466364560159,2
Rawalpindi,1.5150738792040428,0.994994446063983,2
Islamabad,1.4981387144284355,0.9925371616272624,2
Peshawar,1.4604292832469865,0.9965866054348468,2
Quetta,1.045846725549535,0.9571255852178251,1
