city,avg_expected_risk,max_extreme_prob,extreme_months
Lahore,2.019857805689583,0.9980159556999637,2
Multan,1.9716008440669155,0.9982169772083965,2
Rawalpindi,1.969375553923579,0.9966746893708234,2
Islamabad,1.9530900993283897,0.9950946839421024,2
Karachi,1.94426863442598,0.9919744704623491,2
Peshawar,1.8406765037790562,0.9977863207988242,2
Quetta,1.4317387932760084,0.9644273353246393,1
